"employee_id","employee_name","employee_email","department_id"
2111,"Jouny","john.doe@gmail.com",1
2022,"MarySmith","mary.smith@gmail.com",2
302,"James Johnson","james.johnson@gmail.com",3
401,"Emily Brown","emily.brown@gmail.com",4
523,"Michael Davis","michael.davis@gmail.com",5
622,"John Doe","john.doe@gmail.com",6
722,"Mary Smith","mary.smith@gmail.com",7
822,"James Johnson","james.johnson@gmail.com",8
922,"Emily Brown","emily.brown@gmail.com",9
1022,"Michael Davis","michael.davis@gmail.com",10
1122,"John Doe","john.doe@gmail.com",11
1222,"Mary Smith","mary.smith@gmail.com",12
1333,"James Johnson","james.johnson@gmail.com",13
1422,"Emily Brown","emily.brown@gmail.com",14
1522,"Michael Davis","michael.davis@gmail.com",15
1622,"John Doe","john.doe@gmail.com",16
1722,"Mary Smith","mary.smith@gmail.com",17
1822,"James Johnson","james.johnson@gmail.com",18
1922,"Emily Brown","emily.brown@gmail.com",19
2000,"Michael Davis","michael.davis@gmail.com",20
